{
  "FVC_FVC2002_DB1A": {
    "eer": 0.17864285714285716,
    "eer_threshold": 0.32986724376678467,
    "tar_far01": 0.03428571428571429,
    "tar_far001": 0.03428571428571429,
    "rank1": 0.51,
    "rank5": 0.7514285714285714,
    "n_images": 800,
    "n_subjects": 100,
    "n_genuine": 2800,
    "n_impostor": 28000
  },
  "FVC_FVC2002_DB2A": {
    "eer": 0.15585714285714286,
    "eer_threshold": 0.47773635387420654,
    "tar_far01": 0.06857142857142857,
    "tar_far001": 0.06857142857142857,
    "rank1": 0.58,
    "rank5": 0.8014285714285714,
    "n_images": 800,
    "n_subjects": 100,
    "n_genuine": 2800,
    "n_impostor": 28000
  },
  "FVC_FVC2002_DB3A": {
    "eer": 0.18135714285714286,
    "eer_threshold": 0.47274526953697205,
    "tar_far01": 0.011428571428571429,
    "tar_far001": 0.011428571428571429,
    "rank1": 0.43857142857142856,
    "rank5": 0.7257142857142858,
    "n_images": 800,
    "n_subjects": 100,
    "n_genuine": 2800,
    "n_impostor": 28000
  },
  "FVC_FVC2004_DB1A": {
    "eer": 0.279,
    "eer_threshold": 0.36284422874450684,
    "tar_far01": 0.006071428571428571,
    "tar_far001": 0.006071428571428571,
    "rank1": 0.17,
    "rank5": 0.3914285714285714,
    "n_images": 800,
    "n_subjects": 100,
    "n_genuine": 2800,
    "n_impostor": 28000
  },
  "FVC_FVC2004_DB2A": {
    "eer": 0.18810714285714286,
    "eer_threshold": 0.391285240650177,
    "tar_far01": 0.0,
    "tar_far001": 0.0,
    "rank1": 0.4142857142857143,
    "rank5": 0.7371428571428571,
    "n_images": 800,
    "n_subjects": 100,
    "n_genuine": 2800,
    "n_impostor": 28000
  },
  "FVC_FVC2004_DB3A": {
    "eer": 0.11919642857142856,
    "eer_threshold": 0.4710140824317932,
    "tar_far01": 0.05857142857142857,
    "tar_far001": 0.05857142857142857,
    "rank1": 0.5857142857142857,
    "rank5": 0.8328571428571429,
    "n_images": 800,
    "n_subjects": 100,
    "n_genuine": 2800,
    "n_impostor": 28000
  },
  "ISPFDv2_ISPFDv2": {
    "eer": 0.4628480114379085,
    "eer_threshold": 0.3444094657897949,
    "tar_far01": 0.007194852941176471,
    "tar_far001": 0.007194852941176471,
    "rank1": 0.06954248366013072,
    "rank5": 0.17176470588235293,
    "n_images": 19200,
    "n_subjects": 75,
    "n_genuine": 2448000,
    "n_impostor": 500000
  },
  "PolyU_contact-based_fingerprints": {
    "eer": 0.1388939393939394,
    "eer_threshold": 0.4023630619049072,
    "tar_far01": 0.04901515151515152,
    "tar_far001": 0.04901515151515152,
    "rank1": 0.3893939393939394,
    "rank5": 0.6208333333333333,
    "n_images": 2976,
    "n_subjects": 336,
    "n_genuine": 13200,
    "n_impostor": 132000
  },
  "PolyU_contactless_2d_fingerprint_images": {
    "eer": 0.500557605408928,
    "eer_threshold": 0.7306687831878662,
    "tar_far01": 0.0,
    "tar_far001": 0.0,
    "rank1": 0.17104377104377105,
    "rank5": 0.8276094276094276,
    "n_images": 2976,
    "n_subjects": 6,
    "n_genuine": 736560,
    "n_impostor": 500000
  },
  "PolyU_processed_contactless_2d_fingerprint_images": {
    "eer": 0.5003202697947214,
    "eer_threshold": 0.4666380286216736,
    "tar_far01": 0.0,
    "tar_far001": 0.0,
    "rank1": 0.17003367003367004,
    "rank5": 0.8377104377104377,
    "n_images": 2976,
    "n_subjects": 6,
    "n_genuine": 736560,
    "n_impostor": 500000
  },
  "SD302_SD302": {
    "eer": 0.4867532561658642,
    "eer_threshold": 0.3334226608276367,
    "tar_far01": 0.0006862533163014641,
    "tar_far001": 0.0006862533163014641,
    "rank1": 0.14410112359550561,
    "rank5": 0.4558988764044944,
    "n_images": 7140,
    "n_subjects": 20,
    "n_genuine": 1272125,
    "n_impostor": 500000
  }
}