{
  "FVC_FVC2002_DB1A": {
    "eer": 0.19671428571428573,
    "eer_threshold": 0.2887173295021057,
    "tar_far01": 0.040357142857142855,
    "tar_far001": 0.040357142857142855,
    "rank1": 0.4514285714285714,
    "rank5": 0.7071428571428572,
    "n_images": 800,
    "n_subjects": 100,
    "n_genuine": 2800,
    "n_impostor": 28000
  },
  "FVC_FVC2002_DB2A": {
    "eer": 0.1664107142857143,
    "eer_threshold": 0.4508552849292755,
    "tar_far01": 0.06035714285714286,
    "tar_far001": 0.06035714285714286,
    "rank1": 0.5542857142857143,
    "rank5": 0.77,
    "n_images": 800,
    "n_subjects": 100,
    "n_genuine": 2800,
    "n_impostor": 28000
  },
  "FVC_FVC2002_DB3A": {
    "eer": 0.18821428571428572,
    "eer_threshold": 0.4904330372810364,
    "tar_far01": 0.026071428571428572,
    "tar_far001": 0.026071428571428572,
    "rank1": 0.4328571428571429,
    "rank5": 0.71,
    "n_images": 800,
    "n_subjects": 100,
    "n_genuine": 2800,
    "n_impostor": 28000
  },
  "FVC_FVC2004_DB1A": {
    "eer": 0.295,
    "eer_threshold": 0.3299185335636139,
    "tar_far01": 0.0007142857142857143,
    "tar_far001": 0.0007142857142857143,
    "rank1": 0.15142857142857144,
    "rank5": 0.3742857142857143,
    "n_images": 800,
    "n_subjects": 100,
    "n_genuine": 2800,
    "n_impostor": 28000
  },
  "FVC_FVC2004_DB2A": {
    "eer": 0.19751785714285713,
    "eer_threshold": 0.3218265175819397,
    "tar_far01": 0.015,
    "tar_far001": 0.015,
    "rank1": 0.3557142857142857,
    "rank5": 0.6628571428571428,
    "n_images": 800,
    "n_subjects": 100,
    "n_genuine": 2800,
    "n_impostor": 28000
  },
  "FVC_FVC2004_DB3A": {
    "eer": 0.13816071428571428,
    "eer_threshold": 0.4102996587753296,
    "tar_far01": 0.06035714285714286,
    "tar_far001": 0.06035714285714286,
    "rank1": 0.5714285714285714,
    "rank5": 0.8057142857142857,
    "n_images": 800,
    "n_subjects": 100,
    "n_genuine": 2800,
    "n_impostor": 28000
  },
  "ISPFDv2_ISPFDv2": {
    "eer": 0.46846580555555556,
    "eer_threshold": 0.35398703813552856,
    "tar_far01": 0.005600898692810457,
    "tar_far001": 0.005600898692810457,
    "rank1": 0.06415686274509803,
    "rank5": 0.1602091503267974,
    "n_images": 19200,
    "n_subjects": 75,
    "n_genuine": 2448000,
    "n_impostor": 500000
  },
  "PolyU_contact-based_fingerprints": {
    "eer": 0.1635719696969697,
    "eer_threshold": 0.3433833122253418,
    "tar_far01": 0.010303030303030303,
    "tar_far001": 0.010303030303030303,
    "rank1": 0.30037878787878786,
    "rank5": 0.5215909090909091,
    "n_images": 2976,
    "n_subjects": 336,
    "n_genuine": 13200,
    "n_impostor": 132000
  },
  "PolyU_contactless_2d_fingerprint_images": {
    "eer": 0.5005711017703921,
    "eer_threshold": 0.6942527294158936,
    "tar_far01": 0.0,
    "tar_far001": 0.0,
    "rank1": 0.16397306397306396,
    "rank5": 0.8282828282828283,
    "n_images": 2976,
    "n_subjects": 6,
    "n_genuine": 736560,
    "n_impostor": 500000
  },
  "PolyU_processed_contactless_2d_fingerprint_images": {
    "eer": 0.49990558401216467,
    "eer_threshold": 0.4630734920501709,
    "tar_far01": 0.0,
    "tar_far001": 0.0,
    "rank1": 0.1686868686868687,
    "rank5": 0.837037037037037,
    "n_images": 2976,
    "n_subjects": 6,
    "n_genuine": 736560,
    "n_impostor": 500000
  },
  "SD302_SD302": {
    "eer": 0.4817809992139137,
    "eer_threshold": 0.19726970791816711,
    "tar_far01": 0.0007318463201336346,
    "tar_far001": 0.0007318463201336346,
    "rank1": 0.11741573033707865,
    "rank5": 0.3747191011235955,
    "n_images": 7140,
    "n_subjects": 20,
    "n_genuine": 1272125,
    "n_impostor": 500000
  }
}