{
  "FVC_FVC2002_DB1A": {
    "eer": 0.4165,
    "eer_threshold": 0.9949977397918701,
    "tar_far01": 0.007857142857142858,
    "tar_far001": 0.007857142857142858,
    "rank1": 0.12428571428571429,
    "rank5": 0.2842857142857143,
    "n_images": 800,
    "n_subjects": 100,
    "n_genuine": 2800,
    "n_impostor": 28000
  },
  "FVC_FVC2002_DB2A": {
    "eer": 0.45587500000000003,
    "eer_threshold": 0.9977169036865234,
    "tar_far01": 0.004642857142857143,
    "tar_far001": 0.004642857142857143,
    "rank1": 0.06714285714285714,
    "rank5": 0.15,
    "n_images": 800,
    "n_subjects": 100,
    "n_genuine": 2800,
    "n_impostor": 28000
  },
  "FVC_FVC2002_DB3A": {
    "eer": 0.41832142857142857,
    "eer_threshold": 0.9997000098228455,
    "tar_far01": 0.0032142857142857142,
    "tar_far001": 0.0032142857142857142,
    "rank1": 0.09428571428571429,
    "rank5": 0.25857142857142856,
    "n_images": 800,
    "n_subjects": 100,
    "n_genuine": 2800,
    "n_impostor": 28000
  },
  "FVC_FVC2004_DB1A": {
    "eer": 0.45699999999999996,
    "eer_threshold": 0.9961581230163574,
    "tar_far01": 0.0007142857142857143,
    "tar_far001": 0.0007142857142857143,
    "rank1": 0.04428571428571428,
    "rank5": 0.09428571428571429,
    "n_images": 800,
    "n_subjects": 100,
    "n_genuine": 2800,
    "n_impostor": 28000
  },
  "FVC_FVC2004_DB2A": {
    "eer": 0.4551607142857143,
    "eer_threshold": 0.9971776008605957,
    "tar_far01": 0.0017857142857142857,
    "tar_far001": 0.0017857142857142857,
    "rank1": 0.02,
    "rank5": 0.10142857142857142,
    "n_images": 800,
    "n_subjects": 100,
    "n_genuine": 2800,
    "n_impostor": 28000
  },
  "FVC_FVC2004_DB3A": {
    "eer": 0.40782142857142856,
    "eer_threshold": 0.9996680617332458,
    "tar_far01": 0.002142857142857143,
    "tar_far001": 0.002142857142857143,
    "rank1": 0.10571428571428572,
    "rank5": 0.23285714285714285,
    "n_images": 800,
    "n_subjects": 100,
    "n_genuine": 2800,
    "n_impostor": 28000
  },
  "ISPFDv2_ISPFDv2": {
    "eer": 0.4813726748366013,
    "eer_threshold": 0.976542055606842,
    "tar_far01": 0.00219281045751634,
    "tar_far001": 0.00219281045751634,
    "rank1": 0.03226143790849673,
    "rank5": 0.09898039215686275,
    "n_images": 19200,
    "n_subjects": 75,
    "n_genuine": 2448000,
    "n_impostor": 500000
  },
  "PolyU_contact-based_fingerprints": {
    "eer": 0.2799431818181818,
    "eer_threshold": 0.9832094311714172,
    "tar_far01": 0.0016666666666666668,
    "tar_far001": 0.0016666666666666668,
    "rank1": 0.08371212121212121,
    "rank5": 0.2087121212121212,
    "n_images": 2976,
    "n_subjects": 336,
    "n_genuine": 13200,
    "n_impostor": 132000
  },
  "PolyU_contactless_2d_fingerprint_images": {
    "eer": 0.5010091381557511,
    "eer_threshold": 0.9953192472457886,
    "tar_far01": 0.0,
    "tar_far001": 0.0,
    "rank1": 0.1558922558922559,
    "rank5": 0.8286195286195286,
    "n_images": 2976,
    "n_subjects": 6,
    "n_genuine": 736560,
    "n_impostor": 500000
  },
  "PolyU_processed_contactless_2d_fingerprint_images": {
    "eer": 0.5009205103725427,
    "eer_threshold": 0.9852912425994873,
    "tar_far01": 0.0,
    "tar_far001": 0.0,
    "rank1": 0.168013468013468,
    "rank5": 0.8343434343434344,
    "n_images": 2976,
    "n_subjects": 6,
    "n_genuine": 736560,
    "n_impostor": 500000
  },
  "SD302_SD302": {
    "eer": 0.49058246831089714,
    "eer_threshold": 0.9622033834457397,
    "tar_far01": 0.0005982116537289968,
    "tar_far001": 0.0005982116537289968,
    "rank1": 0.07387640449438203,
    "rank5": 0.34747191011235956,
    "n_images": 7140,
    "n_subjects": 20,
    "n_genuine": 1272125,
    "n_impostor": 500000
  }
}